Sale Price,Buyer Gender
70924.82,1
90407.26,0
51744.01,1
60654.6,0
68702.62,1
71175.68,1
85994.34,1
75295.6,1
83554.58,1
62588.26,0
22134.39,0
49281.63,1
69709.9,0
99826.29,0
65530.34,1
35786.13,0
10886.07,1
91313.52,1
70500.78,0
71353.09,1
24253.18,0
25339.97,1
78883.65,0
48185.83,0
92765.43,1
32466.13,1
69243.18,1
42949.12,0
90668.68,0
97591.71,1
37118.49,0
33922.04,1
33496.43,0
82787.98,0
98170.13,1
73884.21,1
93297.45,1
82097.36,1
98355.95,1
88601.27,1
48440.41,1
83585.86,1
52990.2,1
92304.52,1
97940.64,1
56428.8,1
19728.5,0
61070.36,1
95333.05,0
83380.05,0
88056.62,1
67809.95,0
81676.03,1
86802.0,0
66160.6,1
56575.65,1
67518.52,1
97780.15,1
10852.9,0
96856.78,1
42566.67,0
50823.54,0
21968.26,1
64960.54,1
28102.31,1
89475.91,0
69435.21,1
97408.97,0
47776.36,1
18926.82,0
58405.91,1
66157.1,0
10723.38,1
17454.78,0
18095.94,0
20832.91,1
29947.5,1
12326.15,1
92368.87,1
54331.62,1
91368.63,0
51177.7,0
62623.72,1
55669.53,1
43406.8,0
29520.46,1
27582.65,0
70875.49,1
79492.89,1
29828.42,1
19038.32,1
73033.67,0
45457.93,0
31714.73,0
91369.5,0
75769.54,1
79435.47,1
10877.52,1
58660.92,1
58342.31,1
76440.76,0
44892.97,0
22621.9,0
99124.99,1
73417.93,1
27192.42,0
99309.52,0
48199.67,1
68756.45,0
30365.33,1
94695.98,0
74936.36,1
38485.15,0
62574.56,1
99667.79,1
59889.12,0
42973.83,1
12242.24,0
73716.33,1
41306.59,0
88248.95,1
27115.32,1
92795.54,1
31377.65,0
64116.06,1
32512.7,1
90769.34,0
80002.14,1
69220.85,0
84611.84,0
43389.58,1
97358.78,0
91139.33,1
12986.67,1
55406.12,1
66316.65,0
53488.32,1
28494.47,1
79010.32,1
32987.44,1
55668.38,0
92702.57,0
44745.9,0
38664.23,0
88067.67,1
83252.22,0
76562.14,1
46749.61,0
72153.65,0
53298.3,0
68368.94,0
10156.95,0
85737.04,1
53102.61,1
62245.28,0
75740.15,1
52549.49,0
73775.01,0
97179.76,1
11911.03,0
86618.03,1
10807.5,0
34362.1,1
33388.26,0
70724.19,0
96391.23,1
65347.1,1
99104.53,1
67650.5,1
97054.11,1
53369.78,0
89584.11,0
62743.59,0
83811.17,0
59946.46,0
48400.88,1
95535.62,1
45623.62,0
28011.4,0
82902.68,0
29299.13,1
12434.88,1
65653.42,0
69823.01,0
79728.2,1
64339.93,1
75128.66,1
61811.37,0
20242.84,0
33506.28,1
65674.02,0
47671.1,0
12795.83,0
82974.33,1
74033.95,0
92209.43,1
52087.86,0
65543.35,1
50737.3,0
93763.67,1
87180.61,0
93560.28,0
91943.14,0
50467.66,0
97057.39,1
88121.67,1
63573.69,0
76490.48,0
82209.33,1
10073.64,0
43695.96,0
52169.48,1
95843.96,0
84854.52,1
93905.12,1
68800.85,1
28803.85,0
64752.26,0
32877.28,1
96642.82,1
30977.38,1
62243.44,0
30836.73,0
45363.1,1
75508.0,0
88910.6,1
28434.67,1
26765.63,0
21895.34,0
84936.76,0
51938.06,1
53189.06,1
60510.52,0
57133.17,1
80794.54,0
21418.79,0
37405.75,0
36294.73,0
45846.24,0
50513.22,0
57508.39,0
92453.68,1
36508.94,0
71989.5,1
75016.06,0
85191.52,1
45866.74,1
65314.0,0
93043.14,0
89380.64,1
86352.81,1
35972.81,0
42997.91,1
21153.88,1
70561.26,1
32380.76,1
63782.9,0
23810.58,0
41320.78,1
86689.22,1
29878.27,1
25147.7,1
75148.8,1
57681.02,0
97118.51,1
55411.46,0
82249.86,0
23481.63,0
84889.66,1
54947.35,1
47124.99,0
39425.73,1
48219.68,1
58032.67,0
66135.97,0
73331.64,1
91897.28,1
70002.43,1
44504.59,0
82316.18,0
62964.69,0
45674.77,0
44281.08,0
12248.87,0
62348.25,0
88087.66,0
64307.86,1
13927.33,1
77196.74,1
46372.54,1
14383.99,0
95050.62,1
86493.53,0
27019.48,0
97546.11,0
34311.86,1
55185.86,0
80703.86,0
68651.16,0
78447.73,0
59959.94,0
82010.07,0
47191.08,1
67889.6,1
28691.33,1
54121.9,0
30265.18,1
85764.06,0
18159.91,0
74933.12,1
22670.07,1
67416.53,0
22360.16,0
64248.19,1
79301.68,1
51200.98,1
23047.67,1
11372.94,1
41420.16,0
18630.04,1
65564.93,1
42258.87,1
74359.55,1
20874.02,1
70552.13,0
44225.89,1
71654.61,1
67754.27,1
44726.37,0
19273.09,0
28052.37,0
36592.64,1
97703.46,1
20906.68,0
31597.12,0
12091.47,1
88409.33,1
49669.88,1
38058.0,0
34748.95,1
42394.09,1
94343.2,0
72277.69,0
98718.96,0
10747.78,0
11424.01,0
13106.24,1
22048.38,0
29430.98,0
53843.52,0
20429.03,0
58886.1,1
70025.43,1
42785.94,0
58708.93,0
99431.54,1
82821.35,1
31643.13,0
82444.85,0
53060.37,0
69020.04,1
33521.2,0
23101.49,0
29359.99,1
62919.24,0
21227.95,0
18411.47,0
77598.36,0
60247.33,1
62489.68,1
73318.74,0
85409.4,1
96211.69,1
17575.1,1
50886.82,1
56076.88,1
11463.85,1
83873.34,0
19109.14,0
24599.38,1
42512.55,0
81864.77,0
13082.69,1
72685.36,1
68567.87,1
90966.89,1
37504.86,0
67915.01,0
81891.19,1
72443.84,1
84135.88,1
47138.62,0
64053.15,1
11381.55,1
74842.4,0
25573.97,0
36553.76,0
62950.57,0
90390.3,1
39469.41,1
97427.11,1
42024.01,0
80646.18,0
94445.17,0
80818.37,0
24141.45,1
28974.5,0
52853.08,1
29223.36,0
31017.79,1
47326.01,0
73202.98,1
90229.47,0
72906.46,1
46476.35,1
60928.44,1
71869.38,0
93397.33,1
87584.1,0
24817.92,1
11146.97,0
60789.7,0
12328.16,1
50140.17,0
29970.49,1
24555.99,1
41071.37,0
90338.63,0
51070.81,0
72882.62,0
80704.47,1
19197.3,1
85550.27,0
64147.09,0
15506.93,1
35869.09,0
32706.19,1
63368.35,0
67212.31,1
29256.1,1
72457.75,1
56348.0,1
53493.29,0
67536.52,0
67854.75,1
72933.96,1
96206.11,1
72384.95,0
27717.07,1
15983.02,1
85088.28,1
85960.15,0
57394.2,0
94189.97,1
84765.55,1
55361.33,1
46557.5,1
86448.93,1
27887.1,0
12849.58,1
83069.09,0
16294.18,1
58850.28,0
30299.79,1
43164.06,1
99685.82,1
90160.61,0
72056.06,1
48076.33,0
48422.13,1
35652.45,0
55001.74,0
99586.89,1
54102.91,0
29632.58,1
12121.09,1
99303.08,1
76826.43,1
45107.21,1
13619.15,0
98972.79,0
98060.62,0
77770.35,1
65860.08,1
66646.04,0
58196.93,0
11905.38,1
22276.49,1
29585.12,1
54672.45,1
84248.47,1
91156.0,1
54671.96,0
56136.14,1
34170.98,0
69435.94,1
69945.94,1
51962.54,1
66623.87,0
34611.0,1
45613.64,1
80794.44,1
36550.65,0
94358.1,0
81294.62,0
25553.35,1
61394.88,0
14152.55,1
62636.99,0
26156.33,0
37100.27,0
90018.74,1
34630.9,0
34513.78,1
47720.06,1
44839.69,1
70753.17,0
60359.48,1
68828.63,0
89413.4,0
43859.23,0
49668.26,1
12515.71,0
39235.76,1
14919.1,1
41176.28,1
34565.58,0
23617.04,1
39296.34,0
85187.37,1
20200.65,1
22748.51,0
19318.9,1
48058.95,0
64507.18,0
70005.13,1
25358.21,1
84397.49,0
68230.7,0
75948.7,0
37655.07,0
44462.29,1
25106.91,1
19913.01,1
14455.3,0
31363.35,0
18874.23,0
85766.18,0
12988.68,0
65107.56,1
77031.37,1
77215.14,0
88640.92,0
67238.33,1
70842.3,0
60839.84,1
11972.16,0
88553.03,1
25775.81,0
72349.74,1
33036.82,0
51650.23,1
64920.84,1
52801.01,1
55819.83,0
14857.5,0
89107.64,0
99486.84,1
33641.55,1
60840.89,0
76293.45,0
54226.8,1
79776.68,0
18032.05,1
59079.95,1
74000.23,1
71596.79,1
96132.65,1
93256.98,1
21765.03,1
63049.64,0
76442.69,0
76204.74,1
41788.08,0
95447.89,1
43553.83,1
37324.95,1
18665.55,0
64324.14,0
14657.04,1
43731.48,0
51276.27,0
98784.23,0
28167.12,0
92456.99,1
49980.83,0
10679.58,0
80735.52,0
58757.53,0
47876.71,0
65784.0,1
98193.48,1
86393.8,1
69168.82,1
63290.72,1
29319.41,0
11166.67,1
39426.45,0
77699.94,1
40171.8,1
15254.36,1
53058.47,0
91781.21,1
70458.9,0
18469.97,0
45684.62,0
58970.38,1
94483.6,0
77209.89,1
54164.57,0
21467.35,1
38321.1,1
14662.41,0
98129.21,0
88952.19,0
43347.24,1
89005.68,1
83799.81,1
69690.47,1
52715.48,1
77963.78,0
91327.53,1
59743.69,1
42788.35,1
72484.44,0
48349.03,1
71269.9,0
90285.77,1
84111.15,1
32783.36,1
25116.52,0
14342.63,1
60622.0,0
15671.03,0
99217.85,0
44098.29,1
64840.92,0
79190.45,0
56802.64,0
30640.65,0
20118.06,0
20212.53,1
30040.63,1
80455.34,1
70960.89,1
43646.17,1
23580.7,0
14617.99,1
47624.58,1
14311.06,0
21823.36,1
40086.3,0
89962.42,0
79396.08,1
86579.08,0
89842.35,0
34381.72,0
35643.76,0
37162.82,1
96644.07,1
40142.34,0
56524.26,0
73382.92,1
25933.43,0
74250.19,0
90262.17,0
31833.24,0
43840.64,1
26472.71,1
14671.64,0
89392.39,0
60636.26,1
25795.84,1
20562.26,1
97521.0,0
79269.52,1
19078.74,0
38910.53,0
53583.65,0
73014.64,1
65141.95,1
58916.83,1
27962.93,0
94678.65,1
42713.83,0
10713.36,1
15412.42,1
83177.71,1
48914.96,0
60573.62,0
22817.73,0
77751.13,1
70334.23,0
71775.05,1
77257.01,1
35730.37,0
89319.06,0
24667.09,0
98009.82,0
37352.62,1
22214.32,0
52112.99,1
45664.22,1
18753.35,0
54050.8,0
12506.33,0
95069.89,0
75607.47,1
86416.51,1
17381.71,1
59659.58,0
19296.68,1
62637.25,0
49464.68,1
80222.37,0
67326.51,1
65781.14,1
65007.79,1
29971.86,1
85380.91,1
17252.75,1
52074.04,0
17016.88,0
54613.03,0
99850.75,0
44219.63,1
28004.5,0
13233.68,0
65931.48,1
78154.31,0
90187.18,0
98768.75,0
38015.55,1
89252.3,0
70183.91,0
95912.58,1
21979.04,0
90295.2,1
86660.2,0
11592.81,1
75695.88,0
99637.04,1
79031.41,0
99420.72,0
37547.07,0
26396.35,1
80127.86,0
79513.76,1
43573.31,1
92042.07,1
10804.31,1
27482.0,1
96903.61,1
59700.93,0
38592.19,0
33078.29,0
50724.83,1
27956.09,1
78589.87,1
22693.14,0
45325.67,0
89466.14,0
14454.7,0
77288.97,0
12730.68,1
46659.31,1
37779.86,0
91716.07,0
10365.5,0
99133.43,1
99723.26,1
15309.47,1
67954.32,1
60883.62,1
18316.68,0
89082.98,0
34991.78,0
39301.65,1
93244.49,0
88552.37,1
70113.24,1
38147.7,0
47417.03,1
80297.95,0
75338.85,0
74253.85,0
86773.31,0
65525.28,0
49389.15,1
24036.17,0
89243.87,0
33102.06,1
81288.64,0
48975.76,1
59723.38,0
73238.38,1
98037.92,1
39298.22,1
51743.84,0
40458.01,1
27982.22,0
58939.52,1
82923.35,0
69503.04,1
23149.42,0
43296.72,1
76790.84,1
18794.01,1
44207.61,0
58424.91,1
85846.71,0
45597.61,1
82870.37,1
50250.7,1
79628.36,0
98236.59,1
62113.21,1
31212.71,0
68089.83,0
12693.79,0
47224.48,1
27386.12,1
17354.06,0
64264.8,1
80755.66,0
65546.79,1
77772.75,0
22185.51,1
15276.28,1
97960.69,0
67013.34,1
11472.14,0
30019.21,1
86420.52,0
37581.52,0
76447.96,1
76525.6,1
87879.52,0
15155.23,1
51268.68,1
13909.18,0
80720.67,0
52489.96,0
59350.65,0
21975.68,0
32772.32,1
94372.75,1
28868.84,1
26445.62,1
46474.24,1
96620.28,1
74052.1,1
91449.84,1
66461.55,0
86772.68,0
16767.7,0
15998.76,1
84746.1,1
30089.79,0
11599.02,0
52454.4,1
77791.65,0
99841.02,0
59860.38,1
76225.42,0
24916.89,0
11319.87,0
36330.31,0
95647.94,0
17495.05,1
33854.73,0
92036.18,0
99744.76,1
44607.23,0
41145.72,0
92307.64,0
89333.66,1
89355.02,0
31281.27,0
74670.48,1
55559.2,1
72528.85,1
32426.54,0
72389.94,1
65998.24,1
69028.94,1
10426.88,1
99834.82,0
85899.85,0
87620.01,0
74264.28,1
76427.63,1
84277.34,0
53930.4,1
80842.29,0
35767.83,0
60704.02,1
15748.7,0
97820.23,0
94174.51,0
35933.12,1
95519.63,0
54993.63,0
57845.84,1
61378.47,1
54739.81,0
16381.47,1
54647.26,1
43620.73,0
10111.17,0
67761.84,0
23826.21,1
85116.41,0
78030.58,0
82380.0,1
55341.23,0
83640.81,0
20720.01,0
87639.71,0
68809.89,0
62272.97,0
38244.59,1
39057.12,1
29239.24,1
29355.57,0
49970.76,0
41242.63,1
76129.19,0
88873.13,0
49845.04,0
18230.07,1
24522.26,0
91936.65,1
87577.37,1
87842.81,1
97099.51,0
47999.79,0
85468.48,0
80959.11,1
98077.42,1
62710.07,1
49441.8,1
27840.66,1
62384.57,1
64779.7,1
61703.55,0
60283.84,1
18284.81,0
10023.85,1
33056.41,0
22554.81,0
47585.4,0
64466.8,1
73508.17,0
85516.78,0
27687.36,1
69298.73,1
77182.62,1
47819.14,0
82963.31,0
49322.95,0
68884.45,0
43396.21,0
50104.87,0
28612.05,0
11725.01,0
93483.81,1
73144.55,0
97381.89,1
89772.67,1
82165.36,1
99334.92,1
50421.65,1
30759.97,0
34851.93,0
60653.54,0
99997.65,1
55119.25,0
66419.82,1
30953.98,0
33977.01,0
36276.09,1
58846.55,1
71362.89,0
49104.92,1
20839.32,0
66810.23,0
47222.67,0
22564.25,0
46688.89,0
12279.37,0
71633.15,1
40679.28,1
76823.8,1
48091.23,1
71398.49,1
53974.77,0
96369.53,1
22814.75,1
78828.17,0
75585.94,1
85227.94,1
41118.18,1
26219.67,1
20018.58,0
99564.16,1
39922.07,1
86300.39,1
82624.64,1
85312.78,1
88020.38,1
70585.88,0
72679.22,0
37876.5,0
13105.82,0
97054.31,0
66918.48,1
78554.23,1
88193.66,1
62125.22,0
27129.43,0
84073.2,1
92022.87,1
97709.35,1
34167.09,0
80647.54,0
86442.11,0
12406.73,1
13829.5,1
71106.93,0
90937.1,0
17324.39,1
30620.63,0
61973.25,0
83035.62,1
21535.59,0
92205.49,1
39929.27,0
73448.47,1
31201.78,1
16594.45,0
96994.05,1
33305.47,1
54538.68,0
60057.62,0
29904.9,1
13166.45,1
20783.94,0
33676.41,1
99374.83,1
67126.73,0
98601.13,0
27766.45,0
35642.49,0
43591.55,1
13617.24,1
46714.74,1
77492.17,0
57541.24,1
55120.04,1
80846.07,1
89553.05,1
47780.15,0
29032.64,1
12108.44,0
69441.9,1
71654.54,0
89046.67,0
39160.27,1
50501.45,1
68188.56,0
88555.76,0
26966.02,1
27798.37,0
41144.69,0
22248.09,0
56724.24,0
53995.44,0
81132.51,1
63170.77,0
59936.0,0
30699.57,0
72015.48,1
37490.88,0
74273.55,1
85456.61,1
81968.57,0
58369.03,0
27113.07,0
62024.63,0
21522.99,0
88780.7,1
37035.31,1
99376.44,0
30996.74,0
10960.32,1
65194.26,1
75403.45,0
12331.81,0
88767.73,0
83443.16,1
19810.3,0
71017.77,0
89852.9,1
49356.0,1
30609.91,1
16353.21,1
56243.94,0
46969.68,0
97149.28,1
90867.97,0
11579.5,1
10688.69,1
23635.12,0
43945.31,0
67833.09,0
46136.1,0
29504.28,0
65732.04,0
34905.75,0
34652.48,0
31661.54,0
74178.77,1
89236.17,0
39236.22,1
26666.66,0
99320.0,0
22598.46,0
48453.85,1
57415.51,0
93095.2,0
12997.77,1
94373.37,1
39578.07,1
41210.52,0
67665.6,0
52713.67,1
38277.65,1
65135.29,0
14713.05,0
80713.84,1
64203.83,1
49682.58,1
61271.61,0
72547.69,1
90903.67,1
89509.95,1
82850.02,1
66887.59,1
96339.93,1
86481.24,0
62540.24,0
13554.37,1
50677.18,1
84428.52,0
71660.99,0
65332.84,1
34694.11,0
58773.5,1
94804.09,1
55394.87,1
43088.91,0
10903.49,0
98034.27,0
55048.04,1
23568.74,1
85466.78,1
49461.08,0
34400.47,1
88753.72,0
24435.58,0
24208.71,0
23688.22,0
48293.3,0
21965.73,1
41915.94,1
41867.42,0
82796.14,0
55672.96,1
45512.79,0
80966.93,0
27819.84,1
15455.42,1
83361.73,0
21079.79,0
40504.8,1
82152.04,1
24844.6,1
15672.03,1
57509.95,1
19477.7,1
18204.15,1
69444.56,0
74412.06,1
98115.22,1
67280.05,1
53927.95,0
11438.85,1
13466.28,1
90185.09,0
93309.24,1
76034.29,0
95543.28,1
85894.55,0
83015.26,0
94005.04,1
25772.36,0
57472.91,0
93189.86,1
25830.99,1
59457.78,1
74869.89,0
72483.37,0
59993.46,1
86962.0,1
50366.4,0
85128.44,1
42341.63,0
90975.22,1
18283.41,1
64458.12,1
83471.51,0
80737.38,1
42926.55,1
86642.98,0
91589.28,1
11895.17,1
30324.04,1
61260.04,1
97581.62,0
27765.35,1
71540.31,1
81639.15,0
10039.82,1
49895.75,1
59658.33,0
73425.67,0
95324.55,1
84748.46,1
64848.55,0
86919.33,0
46421.72,1
77473.14,1
29100.54,0
89575.25,1
76539.71,1
50919.47,0
13174.84,0
62473.28,1
13901.44,0
75901.72,0
14942.78,1
88240.33,0
76574.43,0
47914.31,0
14942.78,0
23267.21,1
37927.31,1
55982.95,0
83210.17,0
85942.45,1
40850.67,0
10024.86,1
85539.37,0
46161.56,0
17907.73,1
77829.83,0
70650.61,1
78328.91,1
93067.81,1
54518.28,1
87487.13,1
71838.53,0
48563.97,0
87082.56,0
46326.35,1
72769.72,1
90775.66,1
74394.86,1
31243.39,1
17817.89,0
14718.7,0
36839.72,0
45047.79,1
14434.81,0
20835.03,1
12975.19,1
26184.33,0
12557.71,0
44401.56,0
24182.51,1
60072.49,0
37779.42,1
40887.9,1
81301.67,1
40885.08,0
19660.33,0
39428.13,1
84277.86,1
24387.39,0
61475.26,1
54510.31,0
11905.53,0
21213.91,1
89457.03,0
25230.29,1
91941.34,1
77224.82,1
12415.46,0
86350.71,1
62135.66,1
90155.64,0
82825.84,0
66725.77,1
71945.42,1
52833.43,1
55739.2,1
29980.64,1
68675.24,1
12194.02,1
23519.6,1
70913.2,1
63512.66,1
16164.04,1
88869.46,0
36094.51,1
46370.13,1
46402.62,1
32596.06,0
59036.48,1
37963.9,0
55903.52,1
67788.18,0
60511.77,0
36549.25,1
90146.76,0
55515.89,1
35246.84,1
18495.97,1
72789.18,0
29535.59,0
68277.76,1
25800.55,0
50890.95,0
85201.09,0
25876.07,1
62398.83,1
56108.16,0
71775.24,0
89881.86,0
72992.83,0
10726.35,1
54512.11,0
35667.91,0
48545.8,1
13797.53,0
90028.43,1
19919.62,0
65026.59,0
71163.57,1
93200.25,1
52119.38,0
38382.85,1
96201.08,0
61559.03,0
37899.86,1
48754.85,0
40639.6,1
43672.92,1
16957.62,1
77918.11,0
98349.82,0
65836.93,0
86308.22,0
93224.16,0
33972.09,1
15183.76,1
44854.51,1
46387.66,0
98705.18,0
74467.82,1
75230.16,1
15127.9,1
19780.52,1
47151.79,1
29016.52,1
44735.19,1
70700.65,1
76241.47,1
24065.41,1
94081.05,1
63104.89,1
47098.04,1
79132.47,0
63434.36,0
81056.97,1
98068.48,1
53766.75,0
11704.04,1
47282.12,1
72357.57,0
50795.2,0
92330.85,1
94410.88,0
56125.9,1
64644.18,1
58133.14,0
40822.5,0
47039.99,1
88705.91,0
75791.15,0
94355.81,0
82677.99,0
48138.21,0
15380.91,0
20764.07,1
97056.39,1
34331.29,1
76849.75,1
95027.94,1
25663.8,1
34023.31,1
55275.37,0
97355.38,1
36873.01,0
53281.99,1
37098.75,0
14041.27,0
95824.22,1
55216.72,0
73062.51,1
36602.08,0
95094.57,0
64109.48,1
36052.56,1
97042.01,1
31986.3,0
85202.56,0
68947.56,1
95809.8,0
35093.6,1
78402.76,0
98224.6,1
39189.16,0
74775.69,1
49691.11,0
91428.37,1
39871.8,0
16221.78,0
43958.55,1
73931.59,0
67005.24,1
72356.65,1
96229.35,1
42505.96,0
31556.87,1
73719.49,1
23720.65,0
61294.45,1
56681.65,1
13873.84,0
95378.45,0
17924.44,1
34883.03,1
95960.53,1
21402.29,1
40045.41,0
83617.29,1
78326.48,1
96723.78,1
22237.82,0
56093.82,0
37329.13,1
48067.05,0
30950.53,1
95129.02,1
41037.38,0
18452.64,0
82894.66,0
35515.37,0
87917.1,1
62331.39,1
44396.93,0
11007.09,1
81518.99,1
96015.64,0
19545.04,1
99704.14,1
99764.34,0
95383.37,1
83710.97,1
61293.41,1
52838.1,0
77278.89,1
88542.95,1
12501.36,0
72462.68,0
57989.1,0
92413.77,1
32008.94,1
59154.48,0
25152.95,0
40988.12,1
54102.02,1
38975.28,1
20197.69,1
43530.54,0
81072.96,0
68693.65,1
71344.06,1
11118.36,0
38461.74,1
76619.75,1
70558.92,0
21856.15,1
49319.16,0
98550.04,1
58303.68,0
54406.56,0
36288.56,1
84050.2,0
33450.56,1
32215.16,1
56986.79,0
75900.27,0
21392.9,0
70520.57,1
66305.2,1
36600.93,0
67107.89,1
48940.38,1
80186.36,0
18162.31,1
21162.5,1
91434.32,1
12151.09,1
77322.5,0
70613.43,0
72838.21,1
21936.18,0
58309.25,1
90608.97,0
35006.64,1
82602.5,1
37701.64,1
43623.71,0
13015.34,1
36615.96,1
56364.98,1
36670.77,1
78295.1,0
13343.49,1
71498.87,0
56966.12,1
11418.95,1
13495.12,0
27834.68,0
81275.34,0
38905.04,1
48508.8,1
69030.24,0
62522.51,1
89792.59,0
47782.86,0
84728.63,0
78060.11,1
57401.85,1
73781.52,1
52487.59,1
46708.66,1
19012.68,1
25962.63,1
88785.4,0
21769.41,0
78740.73,1
43166.06,0
33148.0,0
75858.57,1
60163.06,0
84828.53,1
91054.88,1
20806.66,1
83874.25,1
14815.43,1
31677.12,0
88809.09,1
45498.42,0
35867.86,0
32477.2,0
97488.36,1
62158.97,0
14212.9,0
12019.36,1
94267.28,1
88910.11,0
54405.01,0
71709.3,1
78981.48,0
47278.26,1
33310.11,0
64605.33,1
65609.71,1
89733.52,1
22702.37,1
22329.56,0
54240.44,0
88544.58,1
46084.75,0
37753.7,0
74331.79,1
22180.69,0
45320.39,1
98633.93,0
20411.43,0
39920.98,0
87137.02,1
42652.96,1
33649.62,1
56051.49,0
31093.26,1
51121.4,1
78805.88,1
46851.3,0
22088.23,1
21459.07,1
52740.57,1
45014.03,1
54926.77,1
42424.57,0
56529.82,1
71336.57,0
15518.12,1
51504.02,0
53500.48,1
18720.19,1
63214.83,1
44957.75,1
29052.99,1
68750.64,1
26034.27,1
58713.12,0
72685.99,1
44912.99,0
41027.13,0
82855.58,1
14423.32,1
85803.38,0
64668.95,1
47426.66,1
90681.61,0
97069.17,1
97832.0,0
33065.38,0
24088.79,0
73267.67,0
59168.78,1
45731.44,1
42193.11,0
94096.79,0
39733.94,0
19257.6,1
63074.25,0
56478.23,0
59065.21,0
27111.53,1
96878.08,1
50363.39,0
47024.49,0
33371.06,0
49592.16,1
51932.8,0
48288.8,0
86860.76,1
40800.97,0
84311.54,0
47158.62,1
63551.33,1
67043.72,0
44293.23,1
64151.13,1
96044.32,1
30592.83,1
98332.96,0
69286.35,1
46010.85,1
92096.18,1
47004.23,1
73360.04,0
13354.52,1
24559.33,0
88239.57,1
71779.98,0
13849.61,0
60060.49,1
55649.61,1
22373.04,1
65820.28,1
73971.16,1
10584.93,1
14324.88,1
12562.88,1
28502.03,0
90358.76,1
50725.11,0
70673.65,1
76400.69,1
24807.19,0
34661.97,1
80277.97,1
16811.93,1
92729.91,0
84825.87,1
93337.65,1
20229.5,0
36220.94,0
19030.22,0
66877.52,1
69797.87,1
24062.26,0
68965.76,0
27617.89,1
15387.15,1
38871.59,1
88323.14,0
63026.42,0
91282.62,1
66517.76,1
43999.04,1
60240.43,1
18752.21,1
35441.99,1
58783.53,0
65750.98,0
34566.51,0
30613.53,0
48385.75,1
18999.96,1
47585.42,0
52488.86,0
12800.87,0
14483.36,0
95923.38,1
79533.89,0
22725.97,0
72767.7,0
47759.65,0
58937.63,1
72117.5,0
44338.84,1
52519.14,1
97006.03,0
57949.43,0
36935.0,0
60495.8,1
70755.62,1
51396.01,0
72341.84,1
26309.69,1
40112.43,0
60397.72,0
89259.83,0
34194.96,0
56576.35,0
76623.44,0
80299.64,0
65422.69,1
52224.43,1
42317.7,1
22606.22,0
43246.96,0
52319.83,0
95317.62,0
75093.27,1
80400.08,0
62243.89,1
90170.78,0
46678.39,0
78366.77,0
59914.1,1
50809.38,0
11253.11,0
27795.5,0
40212.73,1
53678.02,1
26601.58,1
30553.73,0
15773.23,1
48742.16,0
49676.03,0
26829.4,1
69011.92,1
64973.14,0
95114.43,0
94217.02,1
13592.98,1
15720.66,1
97012.36,1
61116.89,0
65867.94,1
24878.85,1
85637.67,0
53469.47,0
57186.46,1
59363.21,0
38331.76,1
32783.85,1
62712.19,1
22094.02,0
71137.94,1
66220.6,1
62180.21,1
25060.21,1
28745.26,1
67160.31,1
99875.27,1
60043.1,0
34650.78,0
17602.28,0
50786.46,1
97681.84,0
71875.12,1
60749.52,0
95620.14,1
78193.64,0
70748.47,0
30913.49,0
50534.56,1
66378.19,1
19561.87,0
94838.19,1
58987.91,1
77881.91,0
52222.24,1
98117.66,0
75379.18,1
30451.71,0
84517.82,1
83429.86,0
21985.33,0
37741.91,0
17964.92,1
79533.3,1
16993.11,1
85752.02,0
79035.94,0
10058.95,1
39397.92,1
63249.6,0
26351.11,1
48276.56,1
99198.07,1
50826.93,1
72463.47,0
62040.29,1
95522.62,0
14130.43,0
90106.78,1
18020.57,1
22138.79,0
10115.39,1
64834.38,1
22678.16,0
54337.94,1
10461.4,0
57804.75,0
62021.09,0
39963.71,0
58784.71,1
70578.91,0
18962.07,0
14237.5,1
99395.86,0
78896.67,0
47510.74,0
39187.41,0
64554.0,1
19106.48,0
41204.41,0
56166.54,1
72833.02,1
51963.82,1
32693.38,1
18928.06,0
48708.94,1
14977.88,1
18538.52,1
23847.69,1
70725.44,0
81734.45,0
60077.71,0
36789.72,0
96026.18,0
85220.62,0
31991.87,0
84097.94,1
48783.84,1
47015.4,0
85859.37,0
60923.2,0
42185.19,0
93495.03,1
79134.61,0
18751.41,1
97461.66,0
50511.74,0
92147.98,0
91555.62,1
45935.99,0
35989.83,1
85916.09,1
93669.88,1
51769.15,0
38202.66,1
86018.87,0
53805.39,1
92416.98,1
79319.81,0
42563.0,0
52978.88,0
55719.2,0
77639.27,1
12993.97,1
20111.28,1
44208.41,1
55398.27,1
10479.91,1
28773.16,0
91081.27,1
20401.42,0
65338.34,1
39158.56,1
61149.04,0
40990.19,1
32106.3,0
55506.17,0
84227.05,0
85300.24,0
83754.62,1
86115.45,1
13865.61,1
53387.41,0
35753.8,1
27335.9,0
82515.01,1
45111.77,0
40182.34,0
40675.04,1
99645.57,1
63302.47,1
25572.6,0
61218.22,1
11322.33,1
15026.21,0
14688.09,0
18914.67,1
73162.88,0
63399.33,0
56814.98,0
40076.69,0
15833.7,1
52122.58,0
73168.7,0
17598.05,0
78593.19,1
93375.21,1
94289.93,1
86450.75,0
87488.59,0
82771.51,1
33927.37,1
74443.55,1
65978.07,1
34001.09,1
45665.67,0
63913.43,1
75919.17,0
54284.23,1
85820.56,1
43630.56,1
88891.98,1
98415.04,0
14780.66,0
73563.69,0
26061.71,1
12517.16,0
94917.32,1
26883.74,0
15821.36,0
40235.2,0
83873.65,0
47066.08,0
74592.82,1
11604.41,0
12930.92,1
79300.95,0
15613.23,0
19256.54,0
34194.59,0
77787.62,0
39470.82,0
19118.22,0
26549.84,1
51913.91,1
11387.27,1
70298.39,0
29616.22,0
22292.08,1
73710.57,0
30374.02,0
39130.2,1
18311.84,1
75554.75,0
27931.03,1
80849.71,1
92752.02,0
53648.55,1
80014.56,1
65855.26,0
93601.63,1
55900.15,0
42693.92,1
83737.3,0
74536.93,1
75041.74,1
60925.38,0
71707.53,1
51165.76,1
88631.96,0
21306.64,0
52127.71,0
93842.22,1
31912.69,1
38702.13,0
93847.2,1
38803.0,0
11267.68,1
34995.11,0
42813.71,0
37291.76,1
99129.0,0
81434.93,1
85450.43,1
67678.92,1
29651.9,1
58505.9,0
14388.19,0
40855.16,1
28798.89,0
14253.55,0
81802.47,0
83183.74,1
69219.45,1
53969.87,1
74465.75,0
72114.86,0
97945.32,0
13659.18,1
33994.22,0
81175.35,1
70321.25,0
72270.81,0
76111.36,1
66087.22,1
41974.62,1
85695.95,1
58296.97,0
86584.99,0
76035.37,1
86692.37,1
35330.7,1
79198.81,0
88406.58,0
45815.63,0
82485.44,0
50875.61,1
22239.25,0
92872.59,0
52493.38,0
49693.48,0
78642.93,0
46391.25,0
78145.53,0
59726.6,0
22748.77,0
62101.2,0
25710.91,0
84047.16,1
57776.62,0
80139.7,1
22970.69,0
54670.39,0
93137.24,0
17002.35,0
20334.64,1
19759.76,1
47499.72,1
62455.67,1
39266.56,1
45099.77,0
47823.16,1
58445.22,0
76562.82,1
25421.59,0
60939.65,0
77241.63,0
65601.37,1
17001.09,1
89435.34,1
25973.68,1
84555.68,0
39546.69,0
90165.71,1
44853.35,0
41058.08,1
11436.53,0
50754.63,0
60035.58,0
51396.7,0
75419.93,0
29024.1,1
70615.02,1
76297.83,1
59887.79,0
36364.32,1
95458.14,1
36052.06,1
97643.19,0
91827.48,0
97766.25,0
50097.71,0
72209.2,1
64270.52,0
64844.3,0
67222.54,1
78692.61,0
45271.37,1
55970.98,1
17545.1,1
49016.78,0
52043.95,1
41508.98,0
42035.93,0
83113.98,0
59810.14,0
48450.84,0
34393.31,0
53041.41,1
63999.43,1
98164.78,0
39511.41,1
84336.99,0
91721.59,1
19203.0,1
45331.21,1
25067.51,0
58225.54,1
74451.13,0
19634.49,0
96851.71,0
50013.56,1
42876.46,1
37815.49,0
94268.42,1
96447.81,0
49745.72,1
30471.18,1
23702.84,1
19001.64,0
16135.49,0
22327.68,1
18526.7,1
24085.4,0
58538.82,1
31113.31,0
30023.6,1
64898.15,1
54250.59,0
90500.49,0
92187.54,0
54682.06,0
80456.41,1
16612.96,1
84085.02,0
55777.41,0
81641.88,0
80344.79,0
85803.27,1
23553.07,1
48570.38,0
41277.78,1
49118.54,1
69479.97,1
23072.7,1
44285.36,0
66269.27,0
56750.21,0
91475.56,0
90880.38,1
30251.47,1
93471.8,1
51095.65,1
62059.21,0
72393.79,0
61916.24,1
66679.87,1
26807.06,0
96415.82,1
60466.71,1
41250.84,0
13155.48,0
41384.67,0
51949.38,1
56939.15,0
11859.98,1
44794.25,0
35529.29,1
49822.84,0
11390.46,0
61091.99,0
58851.36,0
92260.22,1
48381.15,1
30883.68,1
52129.67,0
86873.2,0
86303.8,1
10019.95,1
94602.79,1
45205.51,0
54774.97,1
89273.62,1
12198.47,0
81106.03,0
95115.32,1
39132.28,0
69549.41,1
45591.33,0
97318.62,1
84174.23,0
29538.72,0
78186.97,0
59724.95,0
25584.07,0
67300.55,1
59525.0,1
70770.41,1
40848.37,1
15511.44,0
69564.82,0
33163.52,0
22036.23,0
53190.72,1
42444.98,0
79102.13,0
91342.89,0
26841.73,1
84314.27,1
92822.13,0
57593.06,1
86656.42,0
27359.09,0
62978.3,1
39626.84,0
44775.32,1
71142.31,0
15138.72,0
88395.87,1
63290.87,1
40899.28,1
87847.31,1
52012.57,0
61445.77,1
76762.09,1
13695.67,0
99462.89,1
60469.89,0
76888.31,1
94440.91,0
88171.34,0
41831.39,1
30566.4,0
82990.83,1
37895.55,0
36598.08,0
36227.91,1
34211.1,0
20468.54,1
87728.23,1
64317.1,0
93454.97,0
16219.32,0
12112.62,0
18302.8,0
79002.97,1
52056.74,1
63398.49,1
26356.96,0
34413.67,0
10119.16,1
80993.56,1
55052.9,0
80951.6,0
57103.54,1
99616.56,1
83150.92,0
66718.83,1
95836.86,1
64872.94,1
70785.86,0
25416.78,0
55062.37,0
49168.63,1
81776.03,1
98314.18,1
92460.17,1
53564.83,1
65378.03,0
94944.59,1
36661.88,1
99763.83,1
34955.97,0
50084.81,0
54450.87,1
72218.41,0
71667.92,0
95093.82,1
14980.81,0
98276.91,0
67811.02,0
52102.99,1
66451.41,1
99610.79,0
71446.64,1
21292.74,0
44631.46,1
60505.49,1
88593.14,1
76603.62,1
95407.95,1
15630.99,1
59076.35,1
20536.2,1
71774.82,0
81845.13,1
52775.08,1
59359.44,0
22513.0,1
70036.56,1
11117.36,0
53805.71,0
13404.41,0
39714.56,1
31499.43,0
87024.99,1
59517.49,1
13929.28,1
98432.24,0
70511.78,0
58822.83,0
66340.28,1
87620.85,1
77283.42,1
77941.36,0
11898.3,1
56664.51,0
54364.66,0
11763.07,0
39519.17,0
52545.83,0
51054.0,1
64614.68,0
47224.37,0
57202.69,1
76012.45,1
24439.85,1
20335.02,0
57568.43,1
44341.28,0
53778.9,1
21111.29,1
82614.14,1
67557.51,1
13050.83,0
86611.31,1
73951.91,1
56839.54,1
39103.84,0
29127.57,1
88319.49,0
17456.1,0
49180.4,0
83643.4,0
95251.18,1
64298.18,0
33104.03,1
93561.87,0
57402.9,0
76913.63,0
41504.79,0
66639.46,1
30689.33,1
28612.7,1
65553.27,1
94340.75,0
67247.59,0
33893.4,0
99102.13,0
29802.56,1
61687.1,0
54771.89,1
60236.89,0
73764.47,1
29202.92,0
69493.42,1
86769.94,0
17673.38,1
93367.99,0
93532.72,1
55152.62,1
17214.64,1
83503.7,1
74285.27,1
11495.56,1
23825.29,1
56296.39,0
91975.47,1
32913.18,1
81297.47,0
84330.64,1
65870.04,1
32059.83,1
57034.97,1
11724.96,0
49385.22,1
49720.35,0
18201.22,0
30377.98,1
28644.06,1
40711.97,0
63515.33,0
44987.95,1
12397.74,0
20410.74,1
81536.99,1
80640.4,1
86089.24,0
58076.07,1
60972.31,0
36115.93,0
32350.48,1
23868.65,0
52985.59,0
15875.82,0
23821.95,0
36027.56,0
48574.87,1
79399.49,1
32217.37,0
87126.0,1
72499.86,0
91824.28,1
43294.12,0
85534.69,0
77053.76,0
97536.53,1
78713.95,0
90717.25,1
40831.47,0
65232.98,1
71514.06,1
68108.2,0
39650.19,0
87051.98,1
57388.8,1
19757.94,1
77092.6,0
93978.61,0
87138.73,0
48230.26,0
16074.3,0
93411.1,0
12739.24,0
76469.93,1
10550.4,1
12107.78,1
15589.23,1
22401.2,0
43232.41,0
47197.83,1
42729.5,0
36165.75,1
17873.18,1
22992.88,1
70372.58,1
19950.26,0
61464.97,0
24051.29,0
21627.94,1
10635.31,1
43394.26,1
66713.76,1
77565.68,1
93263.88,1
81428.4,1
56320.99,1
27933.18,0
52674.39,0
67716.47,1
30281.1,1
58745.47,1
88070.23,1
76463.14,1
45229.93,1
94733.15,1
26264.07,1
21564.75,1
92226.09,1
63274.2,1
70579.76,0
95940.82,0
59118.14,0
68253.53,0
89168.92,1
44346.66,1
16785.79,1
92879.75,1
28076.34,0
97866.19,1
64997.37,0
63469.36,0
70169.75,1
96431.22,1
97565.66,1
64567.77,1
87248.37,1
32926.32,0
57725.53,0
92630.39,1
42712.99,0
63350.42,0
46648.09,0
19749.13,1
54534.67,0
82088.94,0
14739.66,0
64767.89,0
43987.86,0
15973.26,1
52180.32,0
49408.27,0
79699.58,0
41261.06,0
83006.34,1
63001.31,0
33362.28,0
20793.81,1
26701.61,1
27776.04,1
59420.92,0
25832.44,1
60231.34,0
95162.0,1
27050.92,0
51966.13,0
11578.04,0
42855.89,1
51919.71,1
13470.85,0
42798.87,1
63849.44,1
38358.38,0
64236.63,0
94695.35,1
70608.56,0
50265.25,1
96974.82,1
75172.11,0
45543.68,0
81379.98,0
11013.79,1
19147.71,1
69973.23,0
31042.46,1
67057.61,1
87821.46,0
72910.28,0
29864.63,1
35390.77,1
58709.12,0
81627.47,1
77030.7,0
11683.83,0
32143.33,1
64093.07,1
90688.48,1
60177.51,1
54923.09,1
33730.8,1
69145.45,1
43589.88,0
37967.16,1
48599.37,1
65783.76,0
35888.59,1
40449.87,1
61628.85,1
54287.05,0
49876.08,1
45450.2,1
17074.98,1
31290.73,1
87969.27,1
40041.27,0
67720.04,0
72121.74,0
40688.11,1
83492.56,0
83671.29,1
78610.5,1
33030.46,1
95421.45,0
13038.0,1
18046.35,0
62057.59,0
83885.97,0
62531.75,0
38854.6,1
60763.5,0
44852.48,0
29330.98,0
43613.96,0
50441.08,1
32951.67,1
73694.81,1
81291.96,1
40437.57,1
23452.08,0
76315.43,1
18318.42,0
49252.2,0
98045.47,1
25604.57,1
34681.75,0
65742.51,1
40890.73,0
92244.66,0
45388.8,0
32430.69,1
43425.33,1
61506.1,1
39447.57,0
38634.71,0
54994.24,1
37133.72,0
85652.27,0
17521.9,1
25061.84,1
17869.66,0
22721.39,1
72777.98,1
77971.31,0
26249.62,0
40811.8,0
29821.98,1
94267.63,0
47488.66,1
25386.27,0
97146.73,1
21230.98,0
99371.22,0
49006.96,0
47591.21,0
16336.59,0
98326.14,0
98548.89,1
72642.67,1
56385.73,0
91209.84,0
34581.47,1
34996.8,0
39769.02,1
58542.94,1
54764.91,0
48869.95,1
56427.44,0
35665.05,0
42294.36,0
32515.6,0
88613.34,1
12362.68,1
58854.34,1
57124.11,0
25128.94,0
77588.91,0
86478.53,1
27512.75,1
60205.64,1
33133.73,1
34352.76,1
47784.48,1
58394.52,0
16590.57,1
83785.81,0
93864.9,1
79196.23,0
86551.16,0
30629.45,0
59776.83,1
34117.7,0
74614.46,1
53911.62,0
62931.82,1
86597.75,1
91070.76,1
64426.75,0
71957.07,1
92212.31,0
99647.18,1
14446.82,0
89291.58,0
16418.56,1
20485.56,0
32723.99,1
72775.23,1
85169.11,1
57914.27,0
72139.43,1
54268.64,1
95640.72,1
54774.08,1
53508.83,0
42967.1,0
51605.39,0
77036.37,1
36837.38,1
84194.05,0
90530.69,1
65805.9,1
13204.77,1
16905.08,1
16121.45,1
48850.28,1
25317.93,0
21190.27,1
63542.52,1
53943.46,1
32473.91,0
85863.78,1
95791.08,0
10675.43,0
59326.32,1
31339.31,1
78885.9,0
97757.16,1
89981.43,0
57784.77,0
17673.46,0
27242.59,0
16172.28,0
33447.56,0
62072.07,0
21668.49,1
22678.03,0
12763.1,1
49119.38,1
30871.99,0
44724.91,0
26840.4,1
44260.43,0
68902.04,0
38449.33,1
25855.11,0
92635.57,0
34440.28,1
67724.68,0
12787.09,0
70280.2,0
76371.11,0
63032.76,0
70575.88,0
23279.46,1
74658.62,1
41168.09,1
68767.87,1
60841.75,0
96386.39,1
92584.95,0
61498.71,0
11564.57,0
90124.44,1
46050.8,1
47956.83,1
70409.1,0
23304.89,1
19445.91,1
19021.06,1
76572.67,1
64095.38,0
41701.96,0
51329.71,1
90869.31,0
68461.53,1
79904.34,1
21061.03,1
67139.92,1
94011.42,0
73600.71,1
33521.08,1
64577.3,0
94503.5,1
68082.01,1
58096.33,0
85146.46,0
95493.6,0
20356.11,0
64658.1,1
37856.42,1
83501.12,1
23810.56,0
21288.8,0
28468.7,0
82025.04,0
92696.11,1
78727.37,0
75419.14,1
34927.7,1
86046.68,1
68110.79,1
37287.22,1
86833.32,0
64619.37,1
13651.14,1
95757.88,0
63648.71,0
12204.9,0
67861.25,0
75090.47,1
80610.31,0
15150.22,0
34062.89,0
68948.74,0
98464.04,1
15221.75,0
27105.08,1
78790.46,1
74757.65,1
32903.38,1
74160.53,0
10540.13,1
84532.59,1
20967.48,0
80016.43,0
77296.33,1
83464.57,1
65347.55,0
46149.64,0
46464.98,1
47409.46,0
56452.35,0
62743.09,0
60739.59,1
56478.6,1
74516.76,0
97547.96,1
90182.67,1
71060.9,1
32979.08,1
36044.46,1
87958.19,0
60705.79,1
58267.57,0
66785.99,1
71220.7,1
83768.23,0
66572.06,1
73564.3,0
11419.17,1
36332.27,1
21330.9,1
61387.06,1
10288.21,1
66424.59,0
58257.98,1
17032.84,0
57967.07,0
91861.0,1
34234.1,1
66695.45,0
34271.49,0
57852.25,0
35611.76,0
72068.51,0
59154.23,1
28965.93,0
86590.67,0
88185.26,0
33206.1,1
40852.53,1
55761.65,0
94084.13,1
73591.2,1
25711.39,0
41492.52,0
53777.49,0
31884.66,0
53463.42,1
91584.21,0
52415.68,1
70572.71,0
59356.7,1
96846.46,1
37223.63,1
34244.29,0
14451.07,1
91150.71,1
20867.17,0
33253.49,0
69425.49,0
68837.23,1
56032.17,1
86524.4,1
68492.67,0
24167.32,1
53043.65,1
26870.98,1
49671.48,0
21927.64,1
82526.6,1
31575.89,1
47681.0,1
40840.85,0
56397.26,1
87223.62,0
90381.98,0
12750.63,1
90144.5,0
86661.62,1
81613.41,1
66771.25,0
82841.37,0
75951.59,1
60876.44,0
71714.65,1
67520.04,1
82744.11,0
69864.16,0
23974.35,0
91280.68,1
71502.21,1
54546.66,1
80380.34,0
10253.76,0
80210.45,0
96915.02,1
39180.7,0
58713.22,1
44638.84,1
16928.37,1
74789.99,1
47667.97,1
10088.57,0
69239.92,1
20030.08,0
71230.98,1
19459.26,0
83646.66,1
63283.65,1
97529.94,1
16855.04,1
94680.18,1
89810.62,0
90112.67,1
83563.71,0
15890.6,1
54170.37,0
42308.62,0
30626.16,0
15327.54,0
22592.74,0
12895.78,1
14398.74,1
92875.89,1
58075.3,0
55959.38,1
54382.35,1
18343.17,1
14960.99,1
70354.63,1
98707.29,1
29438.61,0
99966.56,1
63199.94,0
83648.27,0
79538.59,0
44908.38,0
79289.71,0
60594.51,1
97537.63,0
20566.33,1
99522.75,1
86563.06,0
66278.47,0
32954.65,1
91411.64,0
40668.45,1
74138.29,1
57065.26,0
35418.15,0
33155.08,0
73644.03,1
96741.25,1
39444.45,0
77827.9,0
20505.1,0
55003.96,0
54640.47,0
70017.42,1
46513.38,0
31558.12,0
20189.42,1
87495.4,0
76247.04,1
39386.46,1
35643.08,1
81237.53,0
56758.2,1
56669.6,0
13849.89,1
54837.92,1
68173.46,0
74752.35,1
22227.78,0
92151.37,0
92419.72,0
39752.3,0
36534.85,1
46423.29,1
23903.75,0
96452.09,1
59448.43,1
72498.75,0
54121.52,1
66528.37,1
48935.41,1
34033.77,1
23794.05,0
66131.99,1
51160.81,0
77138.46,1
15655.45,1
22788.49,0
69300.51,0
48581.33,0
17907.85,0
85874.97,1
25035.21,1
27316.3,0
22960.17,1
59526.6,0
44494.69,0
35118.68,0
56670.23,0
83313.25,1
77636.57,0
64457.96,0
63766.29,1
46021.67,0
32573.54,0
64945.17,1
68542.87,1
64955.37,1
36759.4,0
31633.38,0
95754.44,1
92592.3,0
52729.74,0
17157.01,1
28356.28,1
50153.5,0
86790.89,1
73348.94,1
72379.45,1
11614.97,1
62094.12,0
79370.52,1
88074.95,1
74315.22,1
78196.4,1
80516.08,0
41422.85,0
49607.75,0
76982.01,1
90594.78,0
89238.31,1
85338.64,1
74973.04,1
81118.0,0
45372.08,1
10124.35,1
16961.76,1
72648.35,1
96143.0,1
10225.23,0
60892.12,0
76315.16,0
64105.73,0
72335.35,1
72237.74,0
59957.61,0
69418.13,0
11606.17,1
42022.63,0
78132.51,0
36398.36,1
88672.65,1
21094.34,1
73046.3,1
15667.9,1
61374.45,0
97587.97,1
93973.34,1
67212.63,0
83160.7,0
89923.98,1
30377.3,1
91637.88,0
40378.84,1
58022.96,0
87008.1,1
37140.57,0
74481.43,1
84628.4,1
37336.31,1
87753.09,1
55870.06,0
69769.64,1
15058.29,0
29762.85,1
47203.26,0
28684.04,0
93463.68,0
37236.14,1
50373.43,0
85528.39,0
56047.64,1
36449.47,1
24278.01,0
12117.53,1
63261.02,0
45720.45,0
62514.75,0
20532.2,1
52232.35,0
44715.12,1
92516.0,0
62777.07,0
63500.74,1
14139.98,0
72241.83,1
48100.62,0
14096.3,1
46215.93,1
65637.73,1
85063.4,1
39148.79,1
75409.46,1
16045.99,0
24914.04,1
30116.42,1
40994.86,1
65401.53,1
57516.3,1
95990.0,1
41998.83,1
91709.19,1
59068.29,1
49817.06,1
64803.97,1
80881.22,1
70511.62,0
88470.08,1
71906.25,0
97338.58,0
94080.57,0
95347.65,1
98056.65,0
98452.47,1
49454.48,1
94540.86,1
37720.4,0
96547.43,1
18115.63,1
91946.7,0
24578.13,1
94705.47,0
39909.95,0
32317.11,0
17022.99,0
66064.12,1
72134.68,0
92458.55,0
12774.4,0
12769.18,0
89544.4,0
50673.87,1
77430.26,1
12503.54,0
46238.75,0
23810.58,1
93939.44,1
89872.95,0
65526.79,0
59238.34,0
15198.18,0
90167.37,0
85858.27,1
33581.73,0
55929.07,1
31467.96,1
96109.87,0
98983.21,1
26049.95,0
87941.73,1
23547.21,1
43141.8,1
52482.9,0
73543.29,1
14661.44,1
93798.19,1
26032.43,1
17590.79,0
76848.5,1
89943.6,1
14077.8,0
34343.29,0
89037.53,0
20617.46,0
57440.66,0
85542.66,1
40209.4,1
24423.35,1
25785.55,1
29644.95,0
76222.27,0
23905.68,1
21828.86,1
46256.6,1
16583.85,1
60385.84,0
37178.65,1
45747.25,0
15035.86,1
75014.75,1
76499.24,1
25777.72,1
61530.15,1
15617.12,1
34447.39,0
53462.88,0
66556.99,1
63316.21,0
82276.49,1
65323.88,0
41015.79,1
22551.96,0
64910.6,1
76795.17,1
48149.44,1
32786.35,1
19998.16,1
60765.93,0
66345.37,1
62599.58,1
74807.2,0
43270.87,0
11274.52,1
87101.13,0
19039.88,0
19374.03,0
50869.46,1
98376.1,0
11302.97,1
45161.04,1
17639.68,0
42723.21,1
11549.86,1
68888.38,0
20419.96,0
91847.96,0
87672.88,1
53964.51,0
88074.83,1
66188.27,0
18501.17,0
43330.78,1
36760.36,1
40892.81,1
83572.73,1
47092.64,0
91987.52,0
97868.26,0
63440.35,1
32497.42,1
26549.21,1
46498.63,1
42763.09,0
64592.41,0
10324.96,1
20976.64,1
40837.71,0
15886.56,0
38790.4,0
96957.27,0
47649.44,1
16385.72,0
57018.7,1
15482.88,0
64290.47,1
26373.48,1
46730.55,1
62479.88,1
71861.49,1
97218.79,0
38955.97,0
52175.75,0
50687.76,1
83481.86,1
59072.88,0
82313.82,1
80779.27,1
18094.08,1
51255.08,0
65802.51,0
17613.7,1
41979.91,0
57105.26,1
88823.46,0
65225.23,0
58262.42,1
50714.45,0
21778.72,1
78371.59,1
28177.43,0
87329.8,0
28360.9,1
98224.21,0
87266.96,0
11131.35,0
14227.38,0
37637.22,1
59238.01,1
88572.75,1
79223.1,0
98861.93,1
60376.35,0
62570.06,0
48403.93,0
95570.83,0
32224.63,1
64111.29,0
59388.2,1
76439.39,0
28857.66,1
89175.03,1
90748.15,1
42351.39,1
52998.59,1
48922.84,0
27020.41,1
93836.59,1
32514.3,1
27140.1,1
37981.79,1
63458.43,0
57571.38,1
89858.48,0
44753.75,1
27798.84,1
62397.45,1
57832.16,1
96285.37,0
33524.55,0
80228.97,1
78282.77,1
84400.06,0
58241.22,1
89628.72,0
89944.49,0
53618.39,1
97201.15,1
76050.93,1
53658.99,1
54591.03,0
77088.1,0
76482.69,1
78441.4,0
23311.61,1
37440.78,1
59070.48,1
13010.16,1
28116.67,0
27528.48,0
41790.69,0
35946.59,0
51333.69,0
13666.19,1
65077.21,0
50624.5,1
70324.6,0
82249.96,0
20999.47,1
82834.05,0
53620.56,1
78158.21,1
13499.98,0
93662.97,1
60680.2,1
18439.71,1
24601.17,1
97009.42,1
57665.89,1
12441.04,1
89525.86,0
12650.56,0
92013.15,0
17488.58,0
47320.65,1
57131.72,1
22356.72,1
67466.86,1
83695.33,1
16023.41,0
87004.07,1
53558.54,1
84425.09,0
83029.79,0
38153.08,0
59769.06,1
76247.81,1
71313.31,1
74434.49,1
54440.08,0
41350.46,0
62213.68,1
58731.62,0
65083.59,1
56432.25,0
36463.06,0
45981.62,1
87536.23,0
83557.92,1
75701.49,0
48322.15,1
82850.1,1
13431.42,1
85289.17,1
94863.72,1
44802.76,1
45819.48,0
59933.66,1
75960.94,1
17036.54,1
55479.54,1
35832.08,0
49042.89,1
69910.85,1
36670.48,0
56788.65,0
62525.31,1
84549.77,0
82151.9,1
78512.76,0
38179.33,0
41002.48,1
95198.67,1
89503.83,0
95679.15,0
27197.04,0
28518.87,0
86579.35,0
10600.37,0
97636.23,0
99947.94,1
83519.48,1
35002.55,0
85240.0,0
23671.54,0
30859.93,1
10966.73,0
39395.88,0
82132.98,0
66444.57,1
93992.01,0
95715.86,1
68446.93,1
69741.51,0
86449.06,0
41805.93,0
74757.08,1
85719.4,0
44766.95,0
82045.74,1
60596.14,1
38443.79,0
22250.25,1
64372.89,0
32677.49,1
24423.61,0
59236.74,1
49055.67,0
65721.62,0
49865.61,1
78154.44,0
92289.55,1
15426.96,0
39374.14,1
49086.86,1
77780.5,0
53223.41,1
63777.64,0
62247.19,0
43273.85,0
28772.73,0
29389.5,0
95160.7,0
85856.59,1
31305.84,0
94089.13,1
29807.8,1
81029.17,0
26019.04,1
20679.55,1
11673.34,0
68984.41,0
95341.04,1
10092.33,0
44522.6,0
97092.88,0
13135.73,0
56074.54,0
80084.82,1
31494.25,0
97501.11,0
87256.57,1
78281.79,1
91115.0,1
53556.9,0
96562.82,0
63422.3,0
47893.91,1
99042.72,1
36173.57,0
21209.72,1
96909.41,0
54028.81,1
27071.59,1
94186.49,1
77336.39,0
66626.02,1
14775.56,1
81261.32,0
19227.29,1
48133.07,0
96071.01,0
37168.8,1
10918.11,1
68511.89,0
35745.94,0
16539.68,0
13384.87,1
58762.33,1
69069.22,0
36944.6,1
63765.02,0
58171.53,0
52928.73,0
21953.97,0
78275.78,1
97335.33,0
11090.0,1
85465.15,0
96796.46,0
46510.98,1
61884.07,0
13686.89,0
84105.99,1
38892.98,0
31296.68,1
11460.83,1
60856.5,0
33522.38,1
44224.84,1
33239.78,1
87395.68,1
94075.61,0
26796.97,0
95627.19,0
40129.91,0
38112.38,0
21522.35,0
41071.16,0
96131.72,1
60987.39,1
71747.02,0
34491.22,0
17728.24,1
92100.28,1
46825.24,0
66143.81,1
32427.2,0
90018.6,0
90525.0,1
57658.31,0
90912.26,0
63520.02,1
83733.6,0
56506.97,0
41778.53,1
49998.63,1
28255.29,1
11508.51,0
31270.8,0
89623.84,0
49135.16,0
25101.22,0
70328.53,1
36748.83,0
90897.82,1
32707.23,0
52392.14,1
76199.52,1
41591.13,0
87367.03,0
98232.29,0
81316.05,0
77708.13,1
17414.58,0
56124.73,0
50072.31,0
96208.23,0
99320.22,0
34393.5,0
26948.09,0
83016.73,0
37402.86,1
32389.45,1
42929.1,0
82599.96,1
26435.44,0
67792.21,1
28493.03,0
92428.18,1
59154.54,1
36994.31,0
79063.22,0
14359.13,1
75703.01,0
65804.19,0
10071.62,1
75082.01,1
15786.44,1
41757.48,0
21473.22,0
68177.05,0
97329.34,0
16761.63,1
15284.48,1
68938.33,0
40845.26,1
49943.41,1
76260.25,0
26941.75,1
38556.05,1
63154.72,0
42463.17,0
42803.36,0
64529.23,1
37956.22,1
89724.45,1
37339.95,0
37105.41,0
28979.28,1
40703.74,1
14168.62,0
68471.26,0
87006.16,0
95563.75,1
99558.38,1
38006.99,1
65131.41,1
50319.69,0
37322.43,0
76893.56,1
97574.74,1
50428.37,1
89225.38,1
63103.09,1
12921.12,1
70420.12,1
79667.82,1
74650.64,0
70556.06,0
16457.29,0
83200.86,0
13341.11,1
18568.59,0
35773.63,0
92208.76,1
87131.36,0
30021.73,1
81802.25,1
87939.39,1
75880.65,1
63243.98,0
11587.17,1
59839.9,0
24409.06,1
68350.98,1
32797.44,1
26194.19,1
28540.94,1
40554.27,1
23128.66,1
39484.99,0
30867.77,1
77366.99,1
16167.34,0
99392.6,1
52967.37,1
19278.93,0
25767.91,0
29015.85,0
90621.59,1
36168.94,0
59858.05,1
51689.34,1
63655.82,0
82217.34,0
26453.26,1
86224.75,0
47131.55,0
41148.35,1
72646.92,1
40158.73,0
32815.75,1
83535.3,1
67588.17,1
58782.19,1
18757.04,1
88646.27,0
11709.93,0
98520.85,1
25915.6,1
48993.13,1
80044.61,0
54423.25,1
82957.59,1
54485.11,0
19482.78,0
32986.25,0
84335.93,0
39628.22,0
33707.67,1
96222.15,1
81148.27,0
20815.74,1
36225.57,1
94113.09,1
43263.85,1
21216.81,0
83698.45,1
79191.2,1
53414.23,1
88612.04,0
87740.38,1
55739.74,0
10180.26,1
88204.26,1
49052.32,1
54154.66,1
55796.93,1
43251.83,0
13058.28,0
88957.33,0
30611.99,1
77665.05,1
95515.96,1
85496.32,0
37241.91,0
13465.06,0
79498.69,0
44319.75,0
62831.37,0
90487.6,1
45218.43,0
14335.52,0
92485.16,1
84741.15,0
36306.7,0
57645.38,1
54087.41,1
94192.61,1
33964.61,0
94977.86,1
10169.08,1
85746.21,0
61917.19,1
95629.65,0
44320.9,0
15465.61,0
20279.37,1
99195.87,1
69950.71,1
50203.63,1
94408.76,0
20404.04,0
54525.81,1
55397.48,1
26579.45,1
68640.59,1
63488.26,1
80408.93,1
60637.97,0
39558.65,1
26796.92,1
58859.56,1
27609.93,0
41828.36,1
40625.11,0
82062.99,1
34222.21,0
90437.81,0
19463.27,0
16011.44,1
84559.6,0
39336.64,0
27081.49,1
66275.75,0
80238.5,1
23320.96,1
87229.44,1
66102.26,0
68364.35,0
55183.11,0
64834.45,1
75708.56,0
41116.88,1
82093.44,1
30554.55,1
60054.79,0
82768.39,0
31768.82,0
73962.26,1
23117.73,1
92729.24,0
51034.03,1
27186.47,0
43118.37,1
51742.6,1
82600.53,0
37079.35,0
64707.97,0
24557.46,1
53953.48,0
92373.37,1
29643.35,0
26295.15,1
61324.94,0
76531.12,1
31138.82,0
57856.62,0
83333.54,1
67610.96,0
96968.43,0
87771.54,1
89244.64,1
58969.88,0
20875.18,1
79542.28,1
23356.88,1
75059.27,1
80652.52,1
43432.23,1
49897.3,0
14483.29,0
24371.77,0
77674.2,1
49070.78,1
97086.06,0
63005.85,0
55727.75,1
30883.96,1
96813.8,1
48584.67,1
38203.31,1
77322.85,1
12117.74,0
41343.11,0
90323.28,1
23742.11,0
93341.06,1
82477.75,0
14967.45,1
21462.47,0
90051.02,0
54650.44,1
79033.01,1
43098.7,0
91971.16,0
90780.34,0
86072.84,1
18668.1,1
66325.03,1
27185.17,0
57938.99,1
36549.16,0
23398.36,0
63021.93,0
23517.25,0
73800.18,0
82933.87,1
87560.81,1
46462.59,1
27934.34,1
78770.15,0
12705.41,0
91100.84,1
51659.1,1
43053.95,1
59129.7,1
56553.54,1
91152.67,1
48379.0,1
40847.26,0
30854.35,0
51331.28,1
72273.41,0
63993.75,0
60514.01,1
58041.66,1
74503.37,1
43411.69,0
85654.24,0
70716.42,0
55607.82,0
35058.52,1
43046.0,1
18283.34,1
58268.66,0
36223.28,1
67417.52,1
49357.34,1
44163.32,0
13662.54,1
26716.23,0
65201.66,0
59452.12,0
95789.96,0
38977.6,1
96844.76,1
66224.95,1
53470.08,1
81279.75,1
82786.45,1
58128.3,1
88251.71,0
75830.59,0
86073.78,1
36353.96,0
42028.54,0
70232.09,0
89677.41,0
59836.06,1
73917.9,0
35786.83,0
21765.68,1
38485.82,0
57929.79,0
64290.17,0
63938.33,1
78797.01,1
14907.84,0
87979.98,0
79386.88,1
94692.69,1
41534.58,0
83893.94,1
66058.16,1
77819.16,1
79306.23,0
36437.74,1
39286.14,0
31600.41,0
12225.53,1
66020.26,1
83979.08,0
54799.35,0
80379.81,0
86719.81,0
20757.85,1
17109.25,0
95510.19,1
59824.88,1
96428.45,1
65183.42,1
20273.72,0
19585.05,0
66165.88,0
26927.24,1
84795.42,1
77225.69,0
48990.63,1
32019.65,0
75038.07,0
76157.48,0
85552.31,0
12417.79,0
73479.75,0
42869.2,0
55046.64,1
27112.0,0
87629.93,1
20892.65,1
44946.6,1
99978.17,1
16852.58,0
39038.1,1
26213.13,0
11286.43,1
84502.67,1
81284.19,1
65838.99,1
11844.7,0
91539.66,1
52220.68,0
50966.0,1
61966.9,1
10057.43,0
51384.72,0
17436.56,1
39566.03,0
23209.72,1
13670.76,0
52389.09,0
18226.23,1
64529.65,0
81732.81,1
93919.04,1
49076.63,1
27836.73,1
77890.25,0
76044.87,1
63753.45,1
44275.65,0
58178.08,0
63750.48,1
67034.15,0
53913.02,1
42900.62,1
57004.62,1
78703.01,0
21730.2,1
39313.06,0
51204.96,1
71304.65,1
54989.44,1
19296.23,1
35279.73,0
14660.43,1
50915.51,0
83824.64,1
12161.32,0
57603.42,0
39323.09,0
39492.74,0
61028.43,0
33772.63,1
26143.89,1
68587.65,1
74553.54,0
23002.57,0
17924.29,1
60920.82,0
63975.91,0
23896.17,1
95126.01,1
19132.2,0
81207.73,0
99771.37,0
10380.71,1
54436.3,0
60906.3,1
99506.62,0
14193.56,0
40719.35,0
37142.8,1
62739.52,1
42060.38,1
14409.79,0
81877.68,0
87943.25,1
77727.81,0
65814.02,0
97255.93,1
87980.53,0
12927.8,0
38545.94,0
39477.78,0
27157.44,1
31232.57,0
48726.2,1
25966.61,1
58189.17,0
96940.97,1
63379.89,0
64852.84,1
70232.2,1
83018.87,0
73078.48,1
92096.29,1
35341.22,0
72876.42,1
79732.05,1
54967.28,0
76208.99,1
93914.32,0
69994.16,0
79415.67,1
75391.74,0
85523.96,0
21262.51,1
90207.08,0
44753.7,0
77534.12,0
25442.67,1
78770.25,1
91951.79,1
10603.45,1
49333.8,1
70287.89,0
30566.44,0
76142.97,1
68129.31,0
17670.01,0
32644.57,1
13703.81,0
55684.43,0
52155.6,1
73712.45,0
26614.09,0
16268.79,1
80966.31,0
18568.67,1
21079.87,0
91586.87,1
97006.68,1
96441.2,1
92912.09,0
48219.12,0
81777.88,0
46394.49,0
21856.71,0
99548.03,0
75268.03,1
69528.95,0
13662.69,0
39334.19,0
98931.97,0
78768.87,1
43528.39,1
92610.37,1
44866.1,1
23797.0,0
53832.62,1
92057.07,0
51520.0,0
30391.69,0
70943.26,0
27040.84,1
79676.04,0
94709.54,0
63422.17,0
74165.69,1
44993.76,0
42483.19,0
42030.82,1
47630.08,1
51173.74,0
14631.32,1
48611.55,1
30010.08,0
68355.53,0
78353.63,0
47534.58,0
55092.43,0
37398.17,1
41365.85,1
77835.81,0
96746.18,1
97385.26,1
93995.29,0
77236.07,0
10389.03,1
51096.88,1
79056.46,1
38076.08,1
40555.42,1
42026.73,1
41015.92,0
92045.66,1
96635.18,1
32191.13,1
24259.45,0
51011.13,1
80121.57,1
98177.1,0
96592.27,1
65401.27,0
89946.77,1
54422.37,0
53552.75,1
52235.78,1
77364.7,0
46097.5,1
93699.92,0
92355.63,1
42528.73,0
18660.27,1
10908.15,1
96981.87,0
42968.85,1
64289.64,0
17375.73,0
92117.97,0
87104.82,1
31160.47,0
86632.13,1
23857.63,1
27740.29,1
72109.62,1
60818.66,0
42535.39,0
20504.83,0
55148.6,0
92119.72,0
85260.29,1
16041.7,1
94669.99,1
71700.76,0
75342.69,1
70579.92,1
31659.31,1
86771.09,1
94471.0,1
79925.63,0
45577.9,0
22778.14,0
83644.71,0
76755.96,1
91640.05,0
98877.7,1
22666.6,0
96674.94,1
66045.16,1
95453.35,0
38391.41,1
59360.59,0
13487.81,0
34981.64,1
50133.08,0
13484.87,1
26777.81,0
79128.13,0
38999.05,1
17763.94,0
52800.82,0
52463.85,1
49244.12,0
46777.62,0
92187.37,0
19894.22,0
97102.98,1
68454.2,1
43539.12,1
76272.15,0
76382.82,0
17644.12,1
41078.86,0
68504.74,1
82163.61,0
19591.87,0
85354.67,1
64233.83,1
94420.4,0
54255.67,1
77290.12,1
94772.78,0
97020.33,0
17082.77,0
66712.7,0
95377.68,1
25734.27,1
48166.89,1
15493.3,1
65901.03,0
24207.31,0
33100.48,1
20725.77,0
26666.48,0
82354.23,0
79263.41,0
56934.43,0
16891.66,0
43762.2,1
95549.2,0
59616.67,0
58883.45,1
64163.84,0
78484.12,1
74535.35,1
79457.82,1
78413.38,1
29388.65,0
36219.39,0
47444.08,1
77499.94,1
30876.71,0
48638.13,0
26205.28,0
28002.42,0
58266.94,0
16456.94,1
93822.04,1
33349.43,1
67216.63,0
81878.27,1
56368.92,0
87083.2,1
52074.62,1
32897.22,0
82159.81,0
55232.73,1
98101.81,0
50825.04,0
50167.36,1
27158.48,0
84304.69,0
79218.67,0
73889.72,1
69642.37,1
26780.58,1
19787.16,0
98116.26,0
38793.63,0
59846.85,0
41745.95,1
54047.39,0
27405.47,1
49687.2,1
19557.06,1
15014.43,1
88680.44,1
22090.61,1
64709.51,1
16302.61,0
29189.93,1
12256.17,0
65294.2,0
94639.79,1
79838.42,1
74847.21,0
62710.92,1
70802.09,0
65911.79,0
71420.12,1
31859.43,1
50984.09,1
97576.37,1
37761.41,0
14469.1,0
42558.92,0
79181.67,1
27059.95,1
99223.22,1
24020.17,0
94321.94,1
80230.05,1
28774.76,1
61195.63,0
12655.96,1
19258.4,1
21001.57,1
34543.41,1
85966.79,1
69716.77,1
94192.78,1
92653.39,1
42927.79,1
39541.75,0
16913.09,0
47017.42,1
48232.68,1
60354.01,1
40703.11,1
88188.81,0
25595.79,0
48822.81,0
55567.58,1
48834.76,0
82774.61,1
95591.76,1
64220.48,1
68999.86,1
91057.26,1
59504.27,0
66724.42,1
17619.62,0
22470.16,1
80628.0,0
31968.65,1
64603.13,0
43765.96,1
51955.26,0
77018.17,0
39471.19,1
43159.87,0
26179.98,0
94917.22,1
54919.34,0
70053.79,1
16339.49,1
47969.96,0
80969.35,1
84217.31,0
18391.13,0
83047.63,1
19201.28,1
74004.24,0
42203.51,0
90605.69,0
45602.68,1
46927.65,1
11562.37,1
56471.99,1
14188.5,0
52045.18,1
76463.65,1
72021.04,1
15742.13,1
75790.45,0
45849.33,0
72274.47,0
49389.26,1
40334.53,1
87309.83,1
80441.45,0
50286.02,1
81671.53,0
32462.05,1
59767.48,0
92018.2,0
21801.3,0
35516.78,0
70480.15,0
91625.57,0
65394.57,1
39400.92,1
94970.53,0
75895.87,1
14263.36,1
70793.4,0
28580.08,0
15741.22,1
55008.13,0
74833.54,0
62214.15,1
67981.25,1
84726.83,1
28202.58,0
42038.86,0
54238.56,0
35622.47,0
20277.26,1
41462.32,1
15331.92,0
40231.8,1
66838.55,1
58617.36,1
71315.33,0
16428.37,1
31458.02,1
14814.58,1
69712.74,1
82717.59,0
69989.89,0
84017.84,1
74504.17,1
46392.1,0
88984.23,1
78181.07,1
34869.45,0
24806.83,1
25008.81,1
66021.2,0
94531.99,1
83902.82,1
35209.46,1
74691.83,0
37001.94,0
81010.31,0
28900.27,1
85271.96,0
35896.28,0
16769.83,1
47782.97,0
60937.67,0
42207.97,1
27398.37,1
29010.74,1
79951.18,1
61609.51,0
30716.89,1
54986.96,0
51803.12,0
27368.59,1
47626.02,1
63478.43,0
85569.0,0
94958.81,1
14820.17,0
53862.0,0
23042.35,0
47844.85,1
93251.58,0
87234.68,1
17674.49,0
72934.93,1
48702.21,1
62345.85,1
15061.53,0
26983.84,1
96457.29,0
96042.77,1
89790.46,0
42650.13,1
68877.16,0
52438.26,0
93268.56,0
30908.85,1
35290.97,0
29927.44,0
57228.15,0
91415.05,1
20606.24,0
32943.02,0
77965.13,0
78420.19,0
55915.69,0
60232.42,0
30458.94,1
49995.2,0
91849.04,0
68774.69,0
64355.22,1
36529.3,1
45981.67,0
61517.33,0
19513.53,1
72935.48,1
83964.17,1
97353.39,1
73724.75,1
29804.41,1
34906.01,1
65578.29,1
61591.5,1
59041.89,0
91289.8,1
39831.66,0
94355.43,1
68624.0,0
15318.86,0
36629.62,0
80170.34,1
51218.37,0
33881.15,0
14760.83,1
62992.39,0
11634.53,0
14871.36,1
70037.52,1
83920.42,0
34762.91,1
37728.2,0
54777.94,0
51798.92,1
37261.81,0
20448.56,1
76525.53,1
11047.21,1
93764.07,0
99012.48,0
10040.4,1
90001.46,0
81817.2,0
56420.72,0
15095.08,1
73533.86,0
53672.54,0
61217.94,0
20336.01,0
94094.45,0
70725.15,0
24320.57,1
22559.36,1
13039.47,0
85915.16,0
31278.79,0
34506.47,1
15455.06,0
67452.76,0
11001.6,0
18305.7,0
84656.17,1
33561.58,1
64168.3,1
15013.19,1
85930.06,1
74562.53,1
48865.87,0
30743.68,1
95396.14,1
59373.03,1
38158.41,1
53340.84,0
56848.49,1
27700.72,0
64359.68,1
14833.98,1
84694.52,1
13633.11,0
75330.26,1
64353.73,1
73648.62,1
78868.77,0
75465.12,1
63959.77,1
94592.94,0
21498.65,0
64484.7,1
82829.84,0
41953.74,1
81506.31,0
13972.87,1
84447.12,1
12036.7,0
27848.95,1
94777.32,1
49107.13,1
67338.77,0
34234.43,0
95193.44,1
51509.35,1
70267.38,0
20415.81,1
58619.11,1
75518.88,1
56378.5,1
76852.66,0
70574.9,1
90761.77,0
47835.76,0
20693.86,1
52237.55,0
69656.93,0
48103.62,1
96030.77,1
19849.03,1
28338.21,0
88834.34,1
26854.38,0
48585.13,0
95356.01,1
89918.03,0
11279.85,0
59602.88,1
98946.66,0
33043.7,1
78431.06,0
19829.29,1
69978.92,0
89626.87,0
17401.05,0
84285.3,1
17433.85,0
46740.41,0
91777.26,1
92441.07,1
12820.68,1
26573.89,0
11732.77,1
34078.22,0
95081.48,1
31635.15,0
37564.24,1
79614.2,1
59776.77,0
70908.06,0
49327.84,0
54416.18,0
44217.47,0
29858.59,1
10571.23,0
49440.67,1
72538.27,1
43255.56,1
29510.9,0
75336.74,1
83881.44,0
52677.06,0
32057.85,0
12595.9,1
36877.91,0
27856.57,1
48420.14,0
96848.14,1
74379.02,1
27231.28,1
21738.6,1
62258.35,1
41948.19,1
43694.5,0
35125.92,1
70487.42,1
72763.17,1
53990.54,0
72519.15,1
82109.4,0
29259.28,0
80288.65,0
54486.79,0
13829.06,1
62628.13,1
33417.03,1
12799.72,1
60925.69,0
53248.3,0
89583.37,1
70871.31,1
95243.54,1
50660.84,1
35081.62,0
34763.27,0
61089.84,0
27415.0,0
63881.23,1
24193.02,0
62062.94,1
93476.03,1
78714.25,0
47247.29,1
73525.96,1
89694.47,1
70214.2,1
11952.72,0
78332.11,1
94645.17,1
45575.86,0
27914.87,1
86562.9,1
58975.05,1
32725.2,1
11364.04,0
92296.88,1
53904.48,0
50499.66,1
77211.74,0
36481.46,1
75119.92,0
16535.39,1
86806.65,0
37155.29,1
89870.64,0
12537.6,0
48130.58,1
19924.11,0
34995.29,0
87346.68,0
24864.87,1
47832.11,0
28599.7,1
54531.38,1
36252.07,1
37925.53,0
31912.92,0
18043.2,0
88562.87,0
93654.22,0
48802.33,0
23620.38,1
15668.0,1
10195.42,0
93499.96,0
36660.55,0
31980.51,1
71330.12,0
93970.19,1
43976.53,1
76187.81,1
96389.61,0
60687.17,1
28542.67,1
89559.48,0
15877.69,1
66739.3,1
38247.38,1
74996.14,0
48143.9,1
44649.26,0
98895.03,0
33570.43,1
54377.01,0
69926.0,1
33900.24,1
54289.48,1
91760.74,0
13823.67,1
52332.88,1
92746.2,0
56071.27,0
57266.34,0
33861.4,1
14273.73,1
69612.01,0
95868.02,0
81903.33,0
74714.67,1
23181.72,1
54850.99,1
68265.01,1
72716.53,1
60771.04,0
28644.26,1
20106.36,0
20380.14,0
17925.41,0
50677.95,1
57162.56,1
44871.0,0
25469.3,1
71833.5,0
24022.83,0
73182.26,1
21781.56,1
60226.76,1
99384.19,1
68180.81,1
78675.63,1
19800.23,1
70726.31,1
32749.26,1
25238.77,0
91234.28,0
56935.22,0
90495.96,1
91567.02,1
80476.7,1
49052.03,1
49563.2,0
82612.92,1
99943.77,1
96240.98,0
37162.09,1
15778.46,1
47725.11,1
42135.4,1
57518.14,1
19470.49,0
85208.24,1
14168.22,0
59366.34,1
38654.97,1
17144.18,1
20405.08,1
82715.75,0
39501.47,1
51804.45,1
44818.24,0
22629.05,1
99656.21,1
57710.23,0
85629.4,0
42511.05,0
72651.64,1
92647.5,0
45528.18,1
38346.14,0
21686.61,0
91994.62,1
66760.66,1
76734.95,0
72808.75,1
80689.18,0
28427.25,1
81410.84,1
42867.9,1
58372.28,0
37085.04,0
86165.0,0
65127.76,0
28513.78,1
34475.58,1
19894.52,0
79841.92,1
64701.97,1
87651.01,1
47937.36,1
32762.33,1
72584.14,0
67064.95,1
84285.46,0
82639.4,1
83202.0,1
67014.34,0
82339.4,0
70185.38,1
42165.09,0
77608.7,0
34474.12,1
91793.62,0
98623.48,1
29779.08,1
56429.61,1
67265.43,1
84169.24,0
34791.11,1
32540.11,1
40461.74,1
56412.27,0
90098.99,1
81275.6,1
23994.26,0
96997.71,0
32752.57,1
10096.61,1
34032.7,1
77284.21,1
10945.0,1
75310.94,1
66137.22,0
32257.0,0
80898.65,0
67995.69,1
19836.39,1
39094.87,1
30169.06,1
84719.74,1
61953.21,1
87396.37,1
78659.99,1
29860.89,0
92276.64,1
52046.77,1
80620.27,0
12779.97,1
70157.11,1
75667.45,0
23214.09,0
63652.91,0
29010.58,1
22448.47,0
93732.1,0
41109.22,1
52100.58,0
14742.57,0
45442.36,1
32287.19,0
75080.01,1
56584.9,0
52634.7,1
40688.58,1
34412.48,0
20308.19,1
46610.59,1
73728.13,0
35282.58,1
21657.04,0
58580.65,1
75229.74,0
34755.44,0
98725.42,1
96769.78,1
